file,story_code,story_name,event_id,dialogue_id,content,figure_art
level_main_15-06_end.json,15-7,临界时刻,main_15,376,（未知语言）你来了，{@nickname}。,
level_main_15-06_end.json,15-7,临界时刻,main_15,382,（未知语言）不，我一直在想你刚刚说的话。,
level_main_15-06_end.json,15-7,临界时刻,main_15,383,（未知语言）“不存在描述神的语言，因为神本身的存在是绝对不可理解的。”,
level_main_15-06_end.json,15-7,临界时刻,main_15,385,（未知语言）如果我假设这是一个正确的前提。,
level_main_15-06_end.json,15-7,临界时刻,main_15,386,（未知语言）以此为出发点，创造一种足够描述神的语言，是否也意味着神能够被我们理解？,
level_main_15-06_end.json,15-7,临界时刻,main_15,387,（未知语言）难道你不为此而激动吗？,
level_main_15-06_end.json,15-7,临界时刻,main_15,388,（未知语言）也许我们为了找到那个问题的答案，一直都走在了错误的道路上——试图借助宇宙已经诞生的规则去解读宇宙的本质。,
level_main_15-06_end.json,15-7,临界时刻,main_15,390,（未知语言）哈哈，是吗？,
level_main_15-06_end.json,15-7,临界时刻,main_15,392,（未知语言）那干脆就从现在开始，如何？,
level_main_15-15_end_variation02.json,15-17,“她”,main_15,96,......,avg_npc_1718_1#2$1
level_main_15-15_end_variation02.json,15-17,“她”,main_15,114,你很让我惊喜，AMa-10。,avg_npc_1718_1#1$1
level_main_15-15_end_variation02.json,15-17,“她”,main_15,115,你以切断自己双生循环的系统为代价来脱离我的控制，哪怕这样会使你的生命变得脆弱不堪。,avg_npc_1718_1#1$1
level_main_15-15_end_variation02.json,15-17,“她”,main_15,116,不过，你真的打算用这样的方式杀了我吗？,avg_npc_1718_1#1$1
level_main_15-15_end_variation02.json,15-17,“她”,main_15,141,你所说的两个人，我的确在源石内部见过他们。,avg_npc_1718_1#1$1
level_main_15-15_end_variation02.json,15-17,“她”,main_15,142,他们的努力的确出人意料，是令人惊喜的挣扎。,avg_npc_1718_1#1$1
level_main_15-15_end_variation02.json,15-17,“她”,main_15,144,所以呢？你又如何确信，在这里杀了我不是徒劳之举？,avg_npc_1718_1#10$1
level_main_15-15_end_variation02.json,15-17,“她”,main_15,148,......,avg_npc_1718_1#2$1
level_main_15-15_end_variation02.json,15-17,“她”,main_15,149,......你怎么能做到？,avg_npc_1718_1#2$1
level_main_15-15_end_variation02.json,15-17,“她”,main_15,155,......？,avg_npc_1718_1#3$1
level_main_15-15_end_variation02.json,15-17,“她”,main_15,159,你为了反抗我，竟然会做到这一步——,avg_npc_1718_1#7$1
level_main_15-15_end_variation02.json,15-17,“她”,main_15,202,......！,avg_npc_1718_1#7$1
level_main_15-15_end_variation02.json,15-17,“她”,main_15,337,有力的反抗，AMa-10，你的计划奏效了。,avg_npc_1718_1#1$1
level_main_15-15_end_variation02.json,15-17,“她”,main_15,338,诚如你所说，现在你们的确有杀死我的机会......,avg_npc_1718_1#1$1
level_main_15-15_end_variation02.json,15-17,“她”,main_15,340,可是，只是一个用源石塑造出的替身，就会让你如此慌张吗？,avg_npc_1718_1#10$1
level_main_15-15_end_variation02.json,15-17,“她”,main_15,344,AMa-10，我无意与你辩论你信奉的价值。,avg_npc_1718_1#10$1
level_main_15-15_end_variation02.json,15-17,“她”,main_15,345,你一直以来所坚持的事，它们太渺小，我甚至无法找到一种可信的逻辑架构来评价它们的意义。,avg_npc_1718_1#10$1
level_main_15-15_end_variation02.json,15-17,“她”,main_15,346,可是实验中的确会出现这样的情况，一些细小的误差，最终造成了巨大的妨碍。我不得不接受这样的结果。,avg_npc_1718_1#10$1
level_main_15-15_end_variation02.json,15-17,“她”,main_15,347,我很遗憾，要将你当作这个误差来抹除。,avg_npc_1718_1#10$1
level_main_15-15_end_variation02.json,15-17,“她”,main_15,388,可惜。,avg_npc_1718_1#8$1
level_st_15-02.json,15-16,永恒与此刻的误差,main_15,77,......你们的确在我的项目里非法搭建了后门，还屏蔽了我的部分权限。,
level_st_15-02.json,15-16,永恒与此刻的误差,main_15,78,数据告诉我，我正在失去这一枚源石。我的维护目前看来收效甚微。,
level_st_15-02.json,15-16,永恒与此刻的误差,main_15,79,应该称赞你们，贸然的举动起到了效果。,
level_st_15-02.json,15-16,永恒与此刻的误差,main_15,84,Dr.{@nickname}......看来你们已经见过面了。,
level_st_15-02.json,15-16,永恒与此刻的误差,main_15,85,那我也来做一下自我介绍好了。,
level_st_15-02.json,15-16,永恒与此刻的误差,main_15,86,普瑞赛斯，语言学家，Dr.{@nickname}的合作伙伴。,
level_st_15-02.json,15-16,永恒与此刻的误差,main_15,94,你急于对抗毫无认知的现实，特雷西斯。,
level_st_15-02.json,15-16,永恒与此刻的误差,main_15,95,当初与{@nickname}在卡兹戴尔边境合谋时，你表现得冷静得多。,
level_st_15-02.json,15-16,永恒与此刻的误差,main_15,97,监视？不。,
level_st_15-02.json,15-16,永恒与此刻的误差,main_15,98,我早就没有观察一个新诞文明演化历程的精力和热情了。,
level_st_15-02.json,15-16,永恒与此刻的误差,main_15,99,只是刚刚检查了源石里新增的数据，顺便确认了些我感兴趣的信息。,
level_st_15-02.json,15-16,永恒与此刻的误差,main_15,100,特雷西斯，索求源石的扩张是我与{@nickname}的共识。,
level_st_15-02.json,15-16,永恒与此刻的误差,main_15,101,如今泰拉的现状，虽然部分超出了我们的预计，但并未脱离它预定的轨道。,
level_st_15-02.json,15-16,永恒与此刻的误差,main_15,102,你们试图夺取这枚源石的举动的确令我意外。可无论你们如何挣扎，源石都终将完成它的使命。,
level_st_15-02.json,15-16,永恒与此刻的误差,main_15,107,“命运”......你依然认为，源石站在你们文明命运的对立面？,
level_st_15-02.json,15-16,永恒与此刻的误差,main_15,108,如果你真的了解你们族群的历史，那你是否疑惑过......为什么你们会演化成与我们相近的模样？,
level_st_15-02.json,15-16,永恒与此刻的误差,main_15,110,很遗憾，你仍然对你所对抗的事物一无所知。,
level_st_15-02.json,15-16,永恒与此刻的误差,main_15,117,看来你注意到了。,
level_st_15-02.json,15-16,永恒与此刻的误差,main_15,119,虚与实在源石的语言中并不存在截然相反的定义。,
level_st_15-02.json,15-16,永恒与此刻的误差,main_15,120,创造这门语言之初，我希望它能解读我们用尽一切资源都难以解答的终极问题——,
level_st_15-02.json,15-16,永恒与此刻的误差,main_15,121,“祂”。,
level_st_15-02.json,15-16,永恒与此刻的误差,main_15,122,{@nickname}也曾对这片大地上的物种抱有期许......用源石指引它们演化与寻找希望，赠与它们面对祂，甚至是跨过祂的机会。,
level_st_15-02.json,15-16,永恒与此刻的误差,main_15,123,可惜事实是，它们终究会经历绝望。,
level_st_15-02.json,15-16,永恒与此刻的误差,main_15,124,“提卡兹”，你们本不在计划之中，却意外成为了对源石污染最为严重的物种。,
level_st_15-02.json,15-16,永恒与此刻的误差,main_15,125,你站在这里，连我都不得不赞叹你们的勇气。,
level_st_15-02.json,15-16,永恒与此刻的误差,main_15,152,你的暴力毫无意义。,avg_npc_1718_1#1$1
level_st_15-02.json,15-16,永恒与此刻的误差,main_15,167,我说过，这并无意义。,avg_npc_1718_1#8$1
level_st_15-02.json,15-16,永恒与此刻的误差,main_15,244,继续处理这些杂乱的信息会消耗更多的必要能源，这并不值得。,avg_npc_1718_1#1$1
level_st_15-02.json,15-16,永恒与此刻的误差,main_15,252,这是你想要的结局吗？,avg_npc_1718_1#2$1
level_st_15-02.json,15-16,永恒与此刻的误差,main_15,253,萨卡兹的数据已经污染了内化宇宙中的部分区域。虽然那些数据都被删除了，但被改写的架构我暂时也无暇调整。,avg_npc_1718_1#2$1
level_st_15-02.json,15-16,永恒与此刻的误差,main_15,254,你完全可以用另一种方式“存活”于内化宇宙之中。,avg_npc_1718_1#2$1
level_st_15-02.json,15-16,永恒与此刻的误差,main_15,420,两个泰拉人，一个被忽视的脆弱种族。,avg_npc_1718_1#2$1
level_st_15-02.json,15-16,永恒与此刻的误差,main_15,421,我想，我开始理解为何你如此在意他们了......{@nickname}。,avg_npc_1718_1#2$1
level_st_15-02.json,15-16,永恒与此刻的误差,main_15,495,你找到你想要的答案了吗？,avg_npc_1718_1#1$1
level_st_15-02.json,15-16,永恒与此刻的误差,main_15,501,泰拉，你的家乡。,avg_npc_1718_1#8$1
level_st_15-02.json,15-16,永恒与此刻的误差,main_15,505,希尔达，我想给你一个选择。,avg_npc_1718_1#8$1
level_st_15-02.json,15-16,永恒与此刻的误差,main_15,506,你可以留下，继续学习那些你所渴望的知识，去解答你自己内心的疑惑。,avg_npc_1718_1#8$1
level_st_15-02.json,15-16,永恒与此刻的误差,main_15,507,或者，我可以送你回家。,avg_npc_1718_1#8$1
level_st_15-02.json,15-16,永恒与此刻的误差,main_15,511,但那意味着你可能会彻底失去解答内心困惑的机会。,avg_npc_1718_1#1$1
level_st_15-02.json,15-16,永恒与此刻的误差,main_15,512,你也会发现自己与曾经的同胞截然不同，那会使你更加痛苦。,avg_npc_1718_1#1$1
level_st_15-02.json,15-16,永恒与此刻的误差,main_15,513,希尔达，我尊重你的决定。,avg_npc_1718_1#1$1
level_st_15-02.json,15-16,永恒与此刻的误差,main_15,661,好久不见。,
level_main_15-15_beg.json,15-17,“她”,main_15,139,{@nickname}，是你先我一步呢。,avg_npc_1718_1#8$1
level_main_15-15_beg.json,15-17,“她”,main_15,140,你没有留在唤醒室等待我，与我一同分享第一次看见这个新世界的喜悦。,avg_npc_1718_1#8$1
level_main_15-15_beg.json,15-17,“她”,main_15,141,可我又怎么忍心责怪你这一点小小的心急呢？,avg_npc_1718_1#8$1
level_main_15-15_beg.json,15-17,“她”,main_15,147,虽然这样的重逢和我们预期的有所不同，不过我也愿意接受这种意外的体验。,avg_npc_1718_1#1$1
level_main_15-15_beg.json,15-17,“她”,main_15,149,我们无数次一同畅想过，在时间的另一头，我们从休眠中苏醒后第一次见面的情景。,avg_npc_1718_1#9$1
level_main_15-15_beg.json,15-17,“她”,main_15,150,源石已经完全包裹这颗星球，我们可以在其上自由地漫步，这是只属于我们的世界。,avg_npc_1718_1#9$1
level_main_15-15_beg.json,15-17,“她”,main_15,152,这个世界离我们共同的终极愿景只有一步之遥，我们正步向新的希望......,avg_npc_1718_1#1$1
level_main_15-15_beg.json,15-17,“她”,main_15,153,而且，那应该是一个明媚的晴天。,avg_npc_1718_1#1$1
level_main_15-15_beg.json,15-17,“她”,main_15,176,{@nickname}，这样的问题令我感到陌生。,avg_npc_1718_1#2$1
level_main_15-15_beg.json,15-17,“她”,main_15,177,这是我们共同的创造，只属于你我二人的结晶，是希望的种子。,avg_npc_1718_1#2$1
level_main_15-15_beg.json,15-17,“她”,main_15,178,但是很可惜......你已经不记得了，对吗？,avg_npc_1718_1#2$1
level_main_15-15_beg.json,15-17,“她”,main_15,184,我知道，因为一些遗憾的意外，你失去了一部分记忆。,avg_npc_1718_1#2$1
level_main_15-15_beg.json,15-17,“她”,main_15,185,虽然遗憾，但我相信，只是一部分记忆的缺失不会改变你的本性，我们之间的联系无可动摇。,avg_npc_1718_1#2$1
level_main_15-15_beg.json,15-17,“她”,main_15,186,我并不想对你有任何苛待，但是我希望你能理解——时间很紧张，我们还有许多事要做。,avg_npc_1718_1#2$1
level_main_15-15_beg.json,15-17,“她”,main_15,188,不过，我们总还是可以享受共事的时光，对吗？,avg_npc_1718_1#8$1
level_main_15-15_beg.json,15-17,“她”,main_15,189,回到我的身边，Dr.{@nickname}......,avg_npc_1718_1#8$1
level_main_15-15_beg.json,15-17,“她”,main_15,229,......,avg_npc_1718_1#2$1
level_main_15-15_beg.json,15-17,“她”,main_15,233,是你啊......AMa-10。同样好久不见了。,avg_npc_1718_1#10$1
level_main_15-15_beg.json,15-17,“她”,main_15,234,虽然你现在的模样和诞生之初相去甚远，可我怎会不认识自己倾注了情感的造物呢？,avg_npc_1718_1#10$1
level_main_15-15_beg.json,15-17,“她”,main_15,238,这四百多万个自然日的时间里，你似乎做了许多努力，但你行为的准则似乎并不符合你诞生时被预设的目标。,avg_npc_1718_1#10$1
level_main_15-15_beg.json,15-17,“她”,main_15,239,我想知道，到底是什么让你改变了主意。,avg_npc_1718_1#10$1
level_main_15-15_beg.json,15-17,“她”,main_15,244,是啊......是你将那个人的命令，当做了不可动摇的目标。,avg_npc_1718_1#1$1
level_main_15-15_beg.json,15-17,“她”,main_15,245,所以你阻碍了源石的计划，浪费了本就已寥寥无几的时间。,avg_npc_1718_1#1$1
level_main_15-15_beg.json,15-17,“她”,main_15,247,所以，{@nickname}，我该怎么让你明白......,avg_npc_1718_1#9$1
level_main_15-15_beg.json,15-17,“她”,main_15,248,我有多么失望。,avg_npc_1718_1#9$1
level_main_15-15_beg.json,15-17,“她”,main_15,249,我又该如何原谅你的背叛？,avg_npc_1718_1#9$1
level_main_15-15_beg.json,15-17,“她”,main_15,259,我注意到了，AMa-10。,avg_npc_1718_1#10$1
level_main_15-15_beg.json,15-17,“她”,main_15,260,你已经打破了我设下的语言的禁令，对吗？,avg_npc_1718_1#10$1
level_main_15-15_beg.json,15-17,“她”,main_15,261,这样的防备并不足以完全限制你的活动，你总是有办法......,avg_npc_1718_1#10$1
level_main_15-15_beg.json,15-17,“她”,main_15,262,既然如此，为什么不说出来？,avg_npc_1718_1#10$1
level_main_15-15_beg.json,15-17,“她”,main_15,263,这么长时间以来，那些你想说却没有办法告诉{@nickname}的一切？,avg_npc_1718_1#10$1
level_main_15-15_beg.json,15-17,“她”,main_15,431,......,avg_npc_1718_1#2$1
level_main_15-15_beg.json,15-17,“她”,main_15,475,......,avg_npc_1718_1#3$1
level_main_15-15_beg.json,15-17,“她”,main_15,502,要说的话，已经说完了吗？,avg_npc_1718_1#2$1
level_main_15-15_beg.json,15-17,“她”,main_15,503,我诧异于你对过往的认知，也对你的表述并不完全认同......不过，这都不重要了。,avg_npc_1718_1#2$1
level_main_15-15_beg.json,15-17,“她”,main_15,504,AMa-10，现在的你，又能做到什么？,avg_npc_1718_1#2$1
level_main_15-15_beg.json,15-17,“她”,main_15,527,这就是你的选择......,
level_main_14-17_beg.json,14-19,晶簇之内,main_14,61,欸，你又从哪里学来了这么奇怪的语言？,avg_npc_083
level_main_14-17_beg.json,14-19,晶簇之内,main_14,62,这次休眠你又偷偷将思维上传到某个旋臂末端的文明中了吗？,avg_npc_083
level_main_14-17_beg.json,14-19,晶簇之内,main_14,63,好了，再确认一下你的语言功能恢复得如何吧。,avg_npc_083
level_main_14-17_beg.json,14-19,晶簇之内,main_14,64,别说你睡了一场大觉，连我的名字都忘记了。,avg_npc_083
level_main_14-17_beg.json,14-19,晶簇之内,main_14,65,来，再叫一次我的名字，数据库会分析你的所有声音数据。,avg_npc_083
level_main_14-17_beg.json,14-19,晶簇之内,main_14,71,恢复得很快嘛，{@nickname}。,avg_npc_083
level_main_14-17_beg.json,14-19,晶簇之内,main_14,72,但是你的身体刚刚复苏，还没有完全适应。,avg_npc_083
level_main_14-17_beg.json,14-19,晶簇之内,main_14,73,急着乱动的话，小心NX-07把你按回床铺哦。它新换的指令很难解开，就连我都爱莫能助。,avg_npc_083
level_main_14-17_beg.json,14-19,晶簇之内,main_14,79,当然还在“罗德岛”，我们的家。,avg_npc_083
level_main_14-17_beg.json,14-19,晶簇之内,main_14,86,怎么会只有你呢？我也在这里呀。,avg_npc_083
level_main_14-17_beg.json,14-19,晶簇之内,main_14,89,......你果然还是会这样问。,avg_npc_083
level_main_14-17_beg.json,14-19,晶簇之内,main_14,91,变故发生得很快。防御矩阵损伤超过了百分之九十，受极端环境影响，修理单元也很难在短时间内恢复工作。,avg_npc_083
level_main_14-17_beg.json,14-19,晶簇之内,main_14,92,在你休眠后不久，许多同事就相继离开了这里......大家都很珍惜这星星坠落之前的时间，我很理解。,avg_npc_083
level_main_14-17_beg.json,14-19,晶簇之内,main_14,93,现在，的确只有我们两个了。当然，AMa-10也还在，而且精神很好，很活泼。,avg_npc_083
level_main_14-17_beg.json,14-19,晶簇之内,main_14,94,别担心，罗德岛剩下的部分还可以维系基本功能，我们还有一点时间。,avg_npc_083
level_main_14-17_beg.json,14-19,晶簇之内,main_14,95,{@nickname}，你在我身边的时候，我并不害怕结局。,avg_npc_083
level_main_14-17_beg.json,14-19,晶簇之内,main_14,96,无论是构成我们身体的物质崩毁，我们的意识停止变化，还是宇宙的法则颠倒，我都可以坦然接受。,avg_npc_083
level_main_14-17_beg.json,14-19,晶簇之内,main_14,97,只要你还在我身边就够了。,avg_npc_083
level_main_14-17_beg.json,14-19,晶簇之内,main_14,103,你还在出神，是还没有从梦里醒来吗，{@nickname}？,avg_npc_083
level_main_14-17_beg.json,14-19,晶簇之内,main_14,111,如果是这样，我想知道你的梦。,avg_npc_083
level_main_14-17_beg.json,14-19,晶簇之内,main_14,112,不过，里面最好有我。,avg_npc_083
level_main_14-17_beg.json,14-19,晶簇之内,main_14,287,博士！,avg_npc_083
level_main_14-17_beg.json,14-19,晶簇之内,main_14,288,你走神啦，嘴里又开始念叨这些不属于我们的语言。,avg_npc_083
level_main_14-17_beg.json,14-19,晶簇之内,main_14,294,这不是很正常吗？,avg_npc_083
level_main_14-17_beg.json,14-19,晶簇之内,main_14,295,定义梦和现实的权力，一直都握于我们掌中，{@nickname}。,avg_npc_083
level_main_14-17_beg.json,14-19,晶簇之内,main_14,296,当我们的思维在寰宇中穿梭亿万光年，参加那些于冰冻旷野中向白矮星祭拜生命的仪式时，我们如何定义这等体验呢？,avg_npc_083
level_main_14-17_beg.json,14-19,晶簇之内,main_14,297,等你的思维回到这副躯体后，你又如何分辨亿万年后才会被捕获的信息是梦还是现实？,avg_npc_083
level_main_14-17_beg.json,14-19,晶簇之内,main_14,303,等等，你该不会真的在思考这件事吧？,avg_npc_083
level_main_14-17_beg.json,14-19,晶簇之内,main_14,309,怎么了，{@nickname}？,avg_npc_083
level_main_14-17_beg.json,14-19,晶簇之内,main_14,315,不曾见过......你还是发现了啊。,avg_npc_083
level_main_14-17_beg.json,14-19,晶簇之内,main_14,316,我很高兴听到你这么说，这意味着你距离找到真正的我，已经很近了。,avg_npc_083
level_main_14-17_beg.json,14-19,晶簇之内,main_14,317,可我还是忍不住有些失望呢。,avg_npc_083
level_main_14-17_beg.json,14-19,晶簇之内,main_14,318,因为那个小小的意外，你的记忆......的确受到了无法逆转的损伤，就连我也无能为力。,avg_npc_083
level_main_14-17_beg.json,14-19,晶簇之内,main_14,324,这里嘛......“不可知”。,avg_npc_083
level_main_14-17_beg.json,14-19,晶簇之内,main_14,325,我们一起建造这个地方的时候，曾经许下过一个共同的愿望。,avg_npc_083
level_main_14-17_beg.json,14-19,晶簇之内,main_14,326,等到群星的最后一丝温热消散，时间的路网完全陷入混乱的那一天，就让黑暗成为我们共同的被子吧。,avg_npc_083
level_main_14-17_beg.json,14-19,晶簇之内,main_14,332,等到这个世界，这片星空迎来最后的时刻......我们的宇宙本来就会变成一座巨大的坟墓。,avg_npc_083
level_main_14-17_beg.json,14-19,晶簇之内,main_14,333,没有任何一颗星球的角落里藏着希望。但凡有一颗宇宙碎片的微粒上藏着救赎的答案，它也一定已经被我们打捞起来了。,avg_npc_083
level_main_14-17_beg.json,14-19,晶簇之内,main_14,334,每一次的反抗都以提前毁灭告终，每一次的探索都只会带来更深重的绝望......,avg_npc_083
level_main_14-17_beg.json,14-19,晶簇之内,main_14,335,结论是那么简单。任何以正常物质为基础的生命形式都无法逃离。任何一种可知的技术，都无法战胜那绝对的终结。,avg_npc_083
level_main_14-17_beg.json,14-19,晶簇之内,main_14,336,抱歉，{@nickname}......,avg_npc_083
level_main_14-17_beg.json,14-19,晶簇之内,main_14,337,我只是，很久没有机会向你倾诉了。,avg_npc_083
level_main_14-17_beg.json,14-19,晶簇之内,main_14,343,亲密？我不会用这种词语来形容我们之间的关系。,avg_npc_083
level_main_14-17_beg.json,14-19,晶簇之内,main_14,344,这是对我们过去所经历的一切的贬低。,avg_npc_083
level_main_14-17_beg.json,14-19,晶簇之内,main_14,350,没关系的，我并不生气。,avg_npc_083
level_main_14-17_beg.json,14-19,晶簇之内,main_14,351,就算你的大脑不再记得，你的意识深处，那些任何仪器都无法捕捉到的地方......一定还留存着我的痕迹。,avg_npc_083
level_main_14-17_beg.json,14-19,晶簇之内,main_14,352,不然的话......你怎么会任由我像这样，一直拉着你的手呢？,avg_npc_083
level_main_14-17_beg.json,14-19,晶簇之内,main_14,358,“牵手”——嗯，我们有很多种不同方式的“牵手”。很多时候并不需要借助躯体的某些具体部分。,avg_npc_083
level_main_14-17_beg.json,14-19,晶簇之内,main_14,359,我们第一次见面的时候......我正在环绕着一颗海洋星球飞行。我把恒星当作不变的锚，沿着昼夜分界线，飞了一圈又一圈。,avg_npc_083
level_main_14-17_beg.json,14-19,晶簇之内,main_14,360,恒星的死亡来得很快。我身下的海洋几乎在一瞬间离解了，露出了星球赤裸的暗红色脊骨。,avg_npc_083
level_main_14-17_beg.json,14-19,晶簇之内,main_14,361,有人从身后拉住了我，把我拽到了一处更安静的星云里。,avg_npc_083
level_main_14-17_beg.json,14-19,晶簇之内,main_14,362,那个人向我解释，知道我很可能不会有危险，但那个人来不及确认我的本体在哪个星场中，只能用自己的船打捞了我的意识信标。,avg_npc_083
level_main_14-17_beg.json,14-19,晶簇之内,main_14,363,那是我第一次登上那艘卵形的船。它并不大，可是很灵活，已经去过无数个星系。,avg_npc_083
level_main_14-17_beg.json,14-19,晶簇之内,main_14,364,我把船带到了一颗并不算热闹的行星上。我向船的主人展示了我面向大海的小实验室，并且走到了那个人的面前。,avg_npc_083
level_main_14-17_beg.json,14-19,晶簇之内,main_14,365,就像这样......我握住了对方的手。,avg_npc_083
level_main_14-17_beg.json,14-19,晶簇之内,main_14,366,“我叫普瑞赛斯，语言学家。我正在研究行星死去时发出的最后声波。我喜欢安静地独处，但也想和合适的人一起探索宇宙。”,avg_npc_083
level_main_14-17_beg.json,14-19,晶簇之内,main_14,367,接下来......,avg_npc_083
level_main_14-17_beg.json,14-19,晶簇之内,main_14,368,该你啦。,avg_npc_083
level_main_14-17_beg.json,14-19,晶簇之内,main_14,376,真好啊，我们又认识了一回呢。,avg_npc_083
level_main_14-17_beg.json,14-19,晶簇之内,main_14,377,对了，你当时也有些犹豫。在那个时代......人们已经越来越少像这样亲密相处。,avg_npc_083
level_main_14-17_beg.json,14-19,晶簇之内,main_14,378,好在，我们是同类。你无私地向我分享了你的旅行见闻，并对我发起了邀请。,avg_npc_083
level_main_14-17_beg.json,14-19,晶簇之内,main_14,379,我们跳跃在时间与空间之中，去往宇宙的各个角落。有时是乘坐着你的船，更多时候是通过意识穿梭。,avg_npc_083
level_main_14-17_beg.json,14-19,晶簇之内,main_14,380,你向我描绘不同文明的兴衰迭起、隐藏在群星诞生与毁灭中的规律。,avg_npc_083
level_main_14-17_beg.json,14-19,晶簇之内,main_14,381,我们的思维在相互碰撞中无限迭代，直至驻足回首时才发现，我们已经超越了其他人太多太多......,avg_npc_083
level_main_14-17_beg.json,14-19,晶簇之内,main_14,389,我们争论与碰撞的结晶，凝结了无数先驱守望宇宙时留下的真理。,avg_npc_083
level_main_14-17_beg.json,14-19,晶簇之内,main_14,390,它是如此美丽......,avg_npc_083
level_main_14-17_beg.json,14-19,晶簇之内,main_14,394,所有人都说，我是那个创造了源石与未来，像“神明”一般的人。,avg_npc_083
level_main_14-17_beg.json,14-19,晶簇之内,main_14,395,但我一直都知道，真正的天才是你，{@nickname}。,avg_npc_083
level_main_14-17_beg.json,14-19,晶簇之内,main_14,401,你忘记了......但你不该忘记。,avg_npc_083
level_main_14-17_beg.json,14-19,晶簇之内,main_14,402,在创造它的路上，我不断地追赶你的脚步。,avg_npc_083
level_main_14-17_beg.json,14-19,晶簇之内,main_14,403,我害怕在某一次与你辩论时掉队，害怕让你发现我本不如你。,avg_npc_083
level_main_14-17_beg.json,14-19,晶簇之内,main_14,404,不，或许你发现了......也许你也曾放慢脚步等我，等待我追上你。,avg_npc_083
level_main_14-17_beg.json,14-19,晶簇之内,main_14,405,可现在，我永远都不会知道答案了......,avg_npc_083
level_main_14-17_beg.json,14-19,晶簇之内,main_14,411,在意，但我接受这个事实。倒不如说，这让我喜悦。,avg_npc_083
level_main_14-17_beg.json,14-19,晶簇之内,main_14,412,你依旧藏着许多令我着迷的秘密。,avg_npc_083
level_main_14-17_beg.json,14-19,晶簇之内,main_14,413,况且，对你而言，现在的我同样如此。,avg_npc_083
level_main_14-17_beg.json,14-19,晶簇之内,main_14,414,难道不是吗，{@nickname}？,avg_npc_083
level_main_14-17_beg.json,14-19,晶簇之内,main_14,420,那就继续在这个地方寻找答案吧。,avg_npc_083
level_main_14-17_beg.json,14-19,晶簇之内,main_14,421,这是我们共同的造物，共同的过去，也藏着我们共同的秘密。,avg_npc_083
level_main_14-17_beg.json,14-19,晶簇之内,main_14,422,只要你和我同行——,avg_npc_083
level_main_14-17_beg.json,14-19,晶簇之内,main_14,428,......,avg_npc_083
level_main_14-17_beg.json,14-19,晶簇之内,main_14,429,我本想和你分享一些我一直替你保存的东西。,avg_npc_083
level_main_14-17_beg.json,14-19,晶簇之内,main_14,430,那些你曾向我描绘，如今你自己却已全然忘记的理念和愿景......,avg_npc_083
level_main_14-17_beg.json,14-19,晶簇之内,main_14,431,我想让你知道我们所取得的成就。,avg_npc_083
level_main_14-17_beg.json,14-19,晶簇之内,main_14,432,也许这样，你能想起过去，想起我——,avg_npc_083
level_main_14-17_beg.json,14-19,晶簇之内,main_14,433,但我能看见你所想，我能感受你所思。,avg_npc_083
level_main_14-17_beg.json,14-19,晶簇之内,main_14,434,就像此刻，你的脑海中依旧萦绕着无穷的疑惑......,avg_npc_083
level_main_14-17_beg.json,14-19,晶簇之内,main_14,435,“阿米娅”“凯尔希”——,avg_npc_083
level_main_14-17_beg.json,14-19,晶簇之内,main_14,441,我......不想让你为难，我尊重你的选择。,avg_npc_083
level_main_14-17_beg.json,14-19,晶簇之内,main_14,454,但我很确信......{@nickname}......,
level_main_14-17_beg.json,14-19,晶簇之内,main_14,455,当你真正对一切感到困惑的时候，你会想起——答案一直都在这里。,
level_main_14-17_beg.json,14-19,晶簇之内,main_14,456,我在这里。,
level_st_15-03.json,15-21,大地与一隅的归宿,main_15,121,还是想要回去，回到属于你的那片大地？,avg_npc_1718_1#2$1
level_st_15-03.json,15-21,大地与一隅的归宿,main_15,125,那意味着你终将再次面对死亡。,avg_npc_1718_1#2$1
level_st_15-03.json,15-21,大地与一隅的归宿,main_15,133,这就是你想要的全部？,avg_npc_1718_1#2$1
level_st_15-03.json,15-21,大地与一隅的归宿,main_15,139,那就跟我一起离开吧。,avg_npc_1718_1#1$1
level_st_15-03.json,15-21,大地与一隅的归宿,main_15,140,我会送你回家。,avg_npc_1718_1#1$1
level_st_15-03.json,15-21,大地与一隅的归宿,main_15,144,你在这里还有留恋的东西吗？,avg_npc_1718_1#1$1
level_st_15-03.json,15-21,大地与一隅的归宿,main_15,150,我不是预言家，没法看见你的未来。,avg_npc_1718_1#8$1
level_st_15-03.json,15-21,大地与一隅的归宿,main_15,417,如今的泰拉，原来是这副模样。,
level_st_15-03.json,15-21,大地与一隅的归宿,main_15,418,“科罗萨主矿脉”？原来那一颗源石现在被称为这个名字。,
level_st_15-03.json,15-21,大地与一隅的归宿,main_15,419,嗯......也许它会是支撑下一步规划的合适选择。,
level_st_15-03.json,15-21,大地与一隅的归宿,main_15,430,源石的扩散程度已经远远低于了我们的预期，AMa-10也给我带来了不小的麻烦。,avg_npc_1718_1#2$1
level_st_15-03.json,15-21,大地与一隅的归宿,main_15,431,我必须加快项目的进度了，时间真的已经所剩无几了。,avg_npc_1718_1#2$1
level_st_15-03.json,15-21,大地与一隅的归宿,main_15,433,这颗星球的演变，太慢了。,avg_npc_1718_1#7$1
level_st_15-03.json,15-21,大地与一隅的归宿,main_15,434,有必要启用其他更激进的手段——,avg_npc_1718_1#7$1
level_st_15-03.json,15-21,大地与一隅的归宿,main_15,451,......暂时没办法借助PRTS来接入了。,
level_st_15-03.json,15-21,大地与一隅的归宿,main_15,452,嗯，也许——,
level_main_15-11_beg.json,15-12,目击众神死亡的荒原,main_15,68,严格来说，我并没有救下你。,avg_npc_1718_1#1$1
level_main_15-11_beg.json,15-12,目击众神死亡的荒原,main_15,72,你的死亡的确已经发生，物质向信息转译的过程我并未干预。,avg_npc_1718_1#1$1
level_main_15-11_beg.json,15-12,目击众神死亡的荒原,main_15,73,但物质的消亡并不意味着真正的死亡，信息不会被轻易泯灭。源石记录了你的信息。,avg_npc_1718_1#1$1
level_main_15-11_beg.json,15-12,目击众神死亡的荒原,main_15,77,那同样只是一段无限重复的数据流而已。,avg_npc_1718_1#1$1
level_main_15-11_beg.json,15-12,目击众神死亡的荒原,main_15,78,我特意留下了一些历史碎片来观察我们过去的生活。,avg_npc_1718_1#1$1
level_main_15-11_beg.json,15-12,目击众神死亡的荒原,main_15,82,梦是笼统且主观的描述，在你触及语言的本质之前，不要因此陷入虚无的自我怀疑。,avg_npc_1718_1#1$1
level_main_15-11_beg.json,15-12,目击众神死亡的荒原,main_15,83,你可以理解为这里是来自过去的一个瞬间，被我以信息的方式记录。,avg_npc_1718_1#1$1
level_main_15-11_beg.json,15-12,目击众神死亡的荒原,main_15,84,......但这段时光终究只是一幅静滞的画面，它永远不会拥有未来。,avg_npc_1718_1#1$1
level_main_15-11_beg.json,15-12,目击众神死亡的荒原,main_15,88,你死亡的那一刹那，我看见了你。,avg_npc_1718_1#1$1
level_main_15-11_beg.json,15-12,目击众神死亡的荒原,main_15,89,有人惊扰了我，这是基于概率而发生的巧合。,avg_npc_1718_1#1$1
level_main_15-11_beg.json,15-12,目击众神死亡的荒原,main_15,93,不，希尔达，你和你的同类很特殊。,avg_npc_1718_1#8$1
level_main_15-11_beg.json,15-12,目击众神死亡的荒原,main_15,94,你们被源石塑造成了如今的模样，与源石产生了如此奇妙的交互。,avg_npc_1718_1#8$1
level_main_15-11_beg.json,15-12,目击众神死亡的荒原,main_15,95,你们的历史，你们的文明，都是因源石而存在。,avg_npc_1718_1#8$1
level_main_15-11_beg.json,15-12,目击众神死亡的荒原,main_15,99,是的，这是一个错误，你们的存在是计划之外的状况。,avg_npc_1718_1#8$1
level_main_15-11_beg.json,15-12,目击众神死亡的荒原,main_15,104,不，你误解了我的意思。,avg_npc_1718_1#1$1
level_main_15-11_beg.json,15-12,目击众神死亡的荒原,main_15,105,你们的文明因概率而诞生，就像你会出现在这里一样，都是时间中客观的存在。,avg_npc_1718_1#1$1
level_main_15-11_beg.json,15-12,目击众神死亡的荒原,main_15,106,因概率而诞生，也因概率而消亡，这是这个宇宙中最普遍的规律。,avg_npc_1718_1#1$1
level_main_15-11_beg.json,15-12,目击众神死亡的荒原,main_15,184,希尔达，你令我感到好奇。,
level_main_15-11_beg.json,15-12,目击众神死亡的荒原,main_15,185,我在这里可以观察到你所在的世界的一切，你是这个文明中第二个与我交流的生命。,
level_main_15-11_beg.json,15-12,目击众神死亡的荒原,main_15,186,我想问你......你依然爱着那片大地，对吗？,
level_main_15-11_beg.json,15-12,目击众神死亡的荒原,main_15,188,哪怕它带给你们的痛苦也真实存在且挥之不去？,
level_main_15-11_beg.json,15-12,目击众神死亡的荒原,main_15,190,你所在意的，也是如此吗？,
level_main_15-11_beg.json,15-12,目击众神死亡的荒原,main_15,192,只是对生命和意志的赞叹。死亡没有压倒你。,
level_main_15-11_beg.json,15-12,目击众神死亡的荒原,main_15,193,你为了求索一个关于未来的答案而寻找我，而我们现在已经站在答案之前——,
level_main_15-11_beg.json,15-12,目击众神死亡的荒原,main_15,194,那是语言所无法描述的答案。,
level_main_15-11_beg.json,15-12,目击众神死亡的荒原,main_15,207,记得我刚刚提及的绝对存在的终极吗？,avg_npc_1718_1#1$1
level_main_15-11_beg.json,15-12,目击众神死亡的荒原,main_15,208,人们本以为那是一道遥远星体燃烧时发出的光。,avg_npc_1718_1#1$1
level_main_15-11_beg.json,15-12,目击众神死亡的荒原,main_15,223,历史。,
level_main_15-11_beg.json,15-12,目击众神死亡的荒原,main_15,225,虔诚的生灵在他们的最后时刻，依旧在向着宇宙未知的赐福祈祷。,
level_main_15-11_beg.json,15-12,目击众神死亡的荒原,main_15,226,而理性的科学主义者前赴后继地乘坐着飞行器冲入光芒中，他们渴望近距离接触真理。,
level_main_15-11_beg.json,15-12,目击众神死亡的荒原,main_15,228,狂热的唯心主义保守派愤怒地指责外来的敌人未经允许就进入了他们自意识诞生时就拥有的空间。,
level_main_15-11_beg.json,15-12,目击众神死亡的荒原,main_15,229,他们毫无顾忌地将最危险的武器倾泻向绚烂的天空。,
level_main_15-11_beg.json,15-12,目击众神死亡的荒原,main_15,233,你想接近那束光吗？,
level_main_15-11_beg.json,15-12,目击众神死亡的荒原,main_15,238,他们反抗。,
level_main_15-11_beg.json,15-12,目击众神死亡的荒原,main_15,239,他们祈祷。,
level_main_15-11_beg.json,15-12,目击众神死亡的荒原,main_15,240,他们试图用千万年来人为创造的一切美好说服那束冰冷的光——,
level_main_15-11_beg.json,15-12,目击众神死亡的荒原,main_15,241,但那束光是如此冷漠，如深空一般冰冷。,
level_main_15-11_beg.json,15-12,目击众神死亡的荒原,main_15,242,光掠过了星球，离开了。一切都安静了下来。,
level_main_15-11_beg.json,15-12,目击众神死亡的荒原,main_15,249,在那些碎片之上，也曾烙印着一个辉煌文明的印记。,
level_main_15-11_beg.json,15-12,目击众神死亡的荒原,main_15,250,没有人能在祂来临之前做好准备。,
level_main_15-11_beg.json,15-12,目击众神死亡的荒原,main_15,251,就连这个文明中最聪明、知识最渊博的智者也渴望在毁灭来临之前得到一点预兆和警示。,
level_main_15-11_beg.json,15-12,目击众神死亡的荒原,main_15,252,但很遗憾......,
level_main_15-11_beg.json,15-12,目击众神死亡的荒原,main_15,255,不，这只是我们捕获到的万千片段中的一个。,
level_main_15-11_beg.json,15-12,目击众神死亡的荒原,main_15,256,我所亲身经历的，远非这远远的一瞥可比。,
level_main_15-11_beg.json,15-12,目击众神死亡的荒原,main_15,257,你所渴求的答案并未完全结束，你看，废墟中就快出现声音了。,
level_main_15-11_beg.json,15-12,目击众神死亡的荒原,main_15,263,彗星。有时它们会带来生命的种子。有时它们也仅仅只是填补那破碎的死寂行星。,
level_main_15-11_beg.json,15-12,目击众神死亡的荒原,main_15,265,任何地方。甚至恰好就来自另一个经历了毁灭的行星，或许还刻印着那失落文明的痕迹。,
level_main_15-11_beg.json,15-12,目击众神死亡的荒原,main_15,268,来自他处的探索者，求知者，殖民者，抑或是纯粹的掠夺者。,
level_main_15-11_beg.json,15-12,目击众神死亡的荒原,main_15,269,他们同样会加速文明演化的进程。,
level_main_15-11_beg.json,15-12,目击众神死亡的荒原,main_15,271,你的贪婪压过了你的恐惧。,
level_main_15-11_beg.json,15-12,目击众神死亡的荒原,main_15,272,知识是不可逆转的，希尔达。当你窥探到了片面的真理后，你是否还能安然地回到无知的黑暗中去呢？,
level_main_15-11_beg.json,15-12,目击众神死亡的荒原,main_15,292,尽管这里只是永恒静止的时间碎片？,avg_npc_1718_1#2$1
level_main_15-11_beg.json,15-12,目击众神死亡的荒原,main_15,296,你们和我们很像。,avg_npc_1718_1#1$1
level_main_15-11_beg.json,15-12,目击众神死亡的荒原,main_15,297,你可以自由地行走在这里和罗德岛上的任何地方，去理解你想要的答案。,avg_npc_1718_1#1$1
level_main_15-11_beg.json,15-12,目击众神死亡的荒原,main_15,298,至于以后，留在这里，或是回到你牵挂的泰拉......,avg_npc_1718_1#1$1
level_main_15-11_beg.json,15-12,目击众神死亡的荒原,main_15,299,我会尊重你的选择。我们很快会再见面的。,avg_npc_1718_1#1$1
level_main_15-11_beg.json,15-12,目击众神死亡的荒原,main_15,303,有人在等我。,avg_npc_1718_1#8$1
level_main_15-11_beg.json,15-12,目击众神死亡的荒原,main_15,304,......已经等了太久太久。,avg_npc_1718_1#8$1
level_main_15-18_end.json,15-20,得以重回,main_15,164,Dr.{@nickname}本能地信任你，哪怕记忆都不再完整——,
level_main_15-18_end.json,15-20,得以重回,main_15,165,也依旧视你为希望。,
level_main_15-18_end.json,15-20,得以重回,main_15,170,Dr.{@nickname}无路可退。,
level_main_15-18_end.json,15-20,得以重回,main_15,171,我们终将会走上一致的道路，这并非由我们的主观情感所决定。,
level_main_15-18_end.json,15-20,得以重回,main_15,172,你我没有冲突的必要，阿米娅，我能实现你们所愿。,
level_main_15-18_end.json,15-20,得以重回,main_15,178,你一直都相信我。,
level_main_15-18_end.json,15-20,得以重回,main_15,180,你也曾向我许下过同样的承诺，我们可以一起找到那个终极问题的答案。,
level_main_15-18_end.json,15-20,得以重回,main_15,181,时间已经不多了，Dr.{@nickname}。,
level_main_15-18_end.json,15-20,得以重回,main_15,185,至少没有必要向你撒谎。,
level_main_15-18_end.json,15-20,得以重回,main_15,186,你们自认为践行的人道主义，只是在泰拉被击溃之前延长所谓泰拉人的痛苦。,
level_main_15-18_end.json,15-20,得以重回,main_15,187,如果你心中仍有许多疑惑，我都可以为你一一解答。,
level_main_15-18_end.json,15-20,得以重回,main_15,194,你想杀死我？,
level_main_15-18_end.json,15-20,得以重回,main_15,195,你也这样想吗......Dr.{@nickname}？,
level_main_15-18_end.json,15-20,得以重回,main_15,206,你们已经错过了机会。,
level_main_15-18_end.json,15-20,得以重回,main_15,207,Dr.{@nickname}，留下吧——,
level_main_15-07_beg.json,15-8,破碎回响,main_15,14,（未知语言）我并不认为仅靠我自己就能创造出一门足以阐述终极答案的语言。,
level_main_15-07_beg.json,15-8,破碎回响,main_15,15,（未知语言）至少，同胞们共享的各领域最顶尖的研究成果已经给我搭建了继续深入的平台。,
level_main_15-07_beg.json,15-8,破碎回响,main_15,17,（未知语言）嗯，反正又不是第一次了。,
level_main_15-07_beg.json,15-8,破碎回响,main_15,18,（未知语言）在安静等待黑暗吞噬我们的这段日子里，我们似乎也没有更好的办法了不是吗？,
level_main_15-07_beg.json,15-8,破碎回响,main_15,19,（未知语言）况且，我确定你不会拒绝我，{@nickname}。,
level_main_15-15_end_variation01.json,15-17,“她”,main_15,14,你看上去有些低落，{@nickname}。,avg_npc_1718_1#2$1
level_main_15-15_end_variation01.json,15-17,“她”,main_15,15,是什么原因呢？愿意与我分享吗？,avg_npc_1718_1#2$1
level_main_15-15_end_variation01.json,15-17,“她”,main_15,21,不过我们已经做好准备了，对吗？,avg_npc_1718_1#1$1
level_main_15-15_end_variation01.json,15-17,“她”,main_15,22,我们已经种下了希望的种子，接下来，只需要静待它长出答案即可。,avg_npc_1718_1#1$1
level_main_15-15_end_variation01.json,15-17,“她”,main_15,23,不要担心，就当作是一次寻常的休眠吧。除了时间要稍微漫长一点，和以往的时间旅行并无本质不同。,avg_npc_1718_1#1$1
level_main_15-15_end_variation01.json,15-17,“她”,main_15,25,何况这一次，我会在你身边的。,avg_npc_1718_1#8$1
level_main_15-15_end_variation01.json,15-17,“她”,main_15,26,我希望在跨越了寂静的永夜后，再次睁开眼时，还能第一时间看到你。,avg_npc_1718_1#8$1
level_main_15-15_end_variation01.json,15-17,“她”,main_15,31,......,avg_npc_1718_1#8$1
level_main_15-15_end_variation01.json,15-17,“她”,main_15,38,{@nickname}，我从来没有忘记我们的辩题。我们之间也不应存在任何保留。,avg_npc_1718_1#1$1
level_main_15-15_end_variation01.json,15-17,“她”,main_15,39,看，当我们谈及属于我们的未来时，这就是我心中所想。我们应该是怀着同样的期待的。,avg_npc_1718_1#1$1
level_main_15-15_end_variation01.json,15-17,“她”,main_15,40,嵌于我们思维中的同样的灰质销钉，也是将我们连接在一起的纽带。,avg_npc_1718_1#1$1
level_main_15-15_end_variation01.json,15-17,“她”,main_15,41,你我的思维因此得以紧密相连，直到我们的意识随整个宇宙共同寂灭。,avg_npc_1718_1#1$1
level_main_15-15_end_variation01.json,15-17,“她”,main_15,43,我们的思想交互碰撞，争论不休，却正因如此，我们才最能理解彼此的本性。,avg_npc_1718_1#9$1
level_main_15-15_end_variation01.json,15-17,“她”,main_15,44,我很确信，对未来怀有期冀是我们的秉性，我们是彼此在这片虚无的星海中的锚点。,avg_npc_1718_1#9$1
level_main_15-15_end_variation01.json,15-17,“她”,main_15,49,既然如此，我们就继续等待吧。,avg_npc_1718_1#1$1
level_main_15-15_end_variation01.json,15-17,“她”,main_15,50,你现在还不愿意进入休眠，没有关系，我们还有一些时间。,avg_npc_1718_1#1$1
level_main_15-15_end_variation01.json,15-17,“她”,main_15,51,我们可以一起阅览DWDB中保存的典籍，宇宙间也还有不少可供我们解读的死去的行星留下的诗句。,avg_npc_1718_1#1$1
level_main_15-15_end_variation01.json,15-17,“她”,main_15,55,{@nickname}，我会等待，等到你自己做出与我站在一起的选择。,avg_npc_1718_1#8$1
level_main_15-15_end_variation01.json,15-17,“她”,main_15,59,放轻松一点，{@nickname}，最近的观测工作让你过于疲惫了。,avg_npc_1718_1#8$1
level_main_15-15_end_variation01.json,15-17,“她”,main_15,60,闭上眼休息一会吧，我来帮你播放一段遥远的恒星用引力弹奏的和弦，你会有一个好梦的。,avg_npc_1718_1#8$1
level_main_15-15_end_variation01.json,15-17,“她”,main_15,91,......,avg_npc_1718_1#2$1
level_main_15-15_end_variation01.json,15-17,“她”,main_15,109,你很让我惊喜，AMa-10。,avg_npc_1718_1#1$1
level_main_15-15_end_variation01.json,15-17,“她”,main_15,110,你以切断自己双生循环的系统为代价来脱离我的控制，哪怕这样会使你的生命变得脆弱不堪。,avg_npc_1718_1#1$1
level_main_15-15_end_variation01.json,15-17,“她”,main_15,111,不过，你真的打算用这样的方式杀了我吗？,avg_npc_1718_1#1$1
level_main_15-15_end_variation01.json,15-17,“她”,main_15,136,你所说的两个人，我的确在源石内部见过他们。,avg_npc_1718_1#1$1
level_main_15-15_end_variation01.json,15-17,“她”,main_15,137,他们的努力的确出人意料，是令人惊喜的挣扎。,avg_npc_1718_1#1$1
level_main_15-15_end_variation01.json,15-17,“她”,main_15,139,所以呢？你又如何确信，在这里杀了我不是徒劳之举？,avg_npc_1718_1#10$1
level_main_15-15_end_variation01.json,15-17,“她”,main_15,143,......,avg_npc_1718_1#2$1
level_main_15-15_end_variation01.json,15-17,“她”,main_15,144,......你怎么能做到？,avg_npc_1718_1#2$1
level_main_15-15_end_variation01.json,15-17,“她”,main_15,150,......？,avg_npc_1718_1#3$1
level_main_15-15_end_variation01.json,15-17,“她”,main_15,154,你为了反抗我，竟然会做到这一步——,avg_npc_1718_1#7$1
level_main_15-15_end_variation01.json,15-17,“她”,main_15,197,......！,avg_npc_1718_1#7$1
level_main_15-15_end_variation01.json,15-17,“她”,main_15,332,有力的反抗，AMa-10，你的计划奏效了。,avg_npc_1718_1#1$1
level_main_15-15_end_variation01.json,15-17,“她”,main_15,333,诚如你所说，现在你们的确有杀死我的机会......,avg_npc_1718_1#1$1
level_main_15-15_end_variation01.json,15-17,“她”,main_15,335,可是，只是一个用源石塑造出的替身，就会让你如此慌张吗？,avg_npc_1718_1#10$1
level_main_15-15_end_variation01.json,15-17,“她”,main_15,339,AMa-10，我无意与你辩论你信奉的价值。,avg_npc_1718_1#10$1
level_main_15-15_end_variation01.json,15-17,“她”,main_15,340,你一直以来所坚持的事，它们太渺小，我甚至无法找到一种可信的逻辑架构来评价它们的意义。,avg_npc_1718_1#10$1
level_main_15-15_end_variation01.json,15-17,“她”,main_15,341,可是实验中的确会出现这样的情况，一些细小的误差，最终造成了巨大的妨碍。我不得不接受这样的结果。,avg_npc_1718_1#10$1
level_main_15-15_end_variation01.json,15-17,“她”,main_15,342,我很遗憾，要将你当作这个误差来抹除。,avg_npc_1718_1#10$1
level_main_15-15_end_variation01.json,15-17,“她”,main_15,383,可惜。,avg_npc_1718_1#8$1
level_main_15-16_beg.json,15-18,从未怀疑，从未远离,main_15,20,AMa-10也曾是我得意的创造。,avg_npc_1718_1#2$1
level_main_15-16_beg.json,15-18,从未怀疑，从未远离,main_15,21,这并非我期待的结果。,avg_npc_1718_1#2$1
level_main_15-16_beg.json,15-18,从未怀疑，从未远离,main_15,27,它已经有了自己的代号，我并不认同再次命名的意义。,avg_npc_1718_1#3$1
level_main_15-16_beg.json,15-18,从未怀疑，从未远离,main_15,67,你想要救它？,avg_npc_1718_1#1$1
level_main_15-16_beg.json,15-18,从未怀疑，从未远离,main_15,73,我也想修好它，和你一样。,avg_npc_1718_1#8$1
level_main_15-16_beg.json,15-18,从未怀疑，从未远离,main_15,74,AMa-10不仅承载了我们共同的期待，它还保存了一段对我而言极为关键的记录。,avg_npc_1718_1#8$1
level_main_15-16_beg.json,15-18,从未怀疑，从未远离,main_15,81,Dr.{@nickname}，你......为什么在害怕我？,avg_npc_1718_1#6$1
level_main_15-16_beg.json,15-18,从未怀疑，从未远离,main_15,241,这是......？,
level_main_15-16_beg.json,15-18,从未怀疑，从未远离,main_15,253,你并不明白自己在摆弄什么样的力量。,
level_main_15-16_beg.json,15-18,从未怀疑，从未远离,main_15,273,我的确过早地醒来了，源石同化这颗星球的速度并未达到我的预期。,
level_main_15-16_beg.json,15-18,从未怀疑，从未远离,main_15,274,加之那两个泰拉人的莽撞行为，我没法如预期那样运用源石......,
level_main_15-16_beg.json,15-18,从未怀疑，从未远离,main_15,275,但这不代表你们如此草率地使用我们研发的技术就能改变既定的事实。,
level_main_15-15_end.json,15-17,“她”,main_15,16,......,avg_npc_1718_1#2$1
level_main_15-15_end.json,15-17,“她”,main_15,34,你很让我惊喜，AMa-10。,avg_npc_1718_1#1$1
level_main_15-15_end.json,15-17,“她”,main_15,35,你以切断自己双生循环的系统为代价来脱离我的控制，哪怕这样会使你的生命变得脆弱不堪。,avg_npc_1718_1#1$1
level_main_15-15_end.json,15-17,“她”,main_15,36,不过，你真的打算用这样的方式杀了我吗？,avg_npc_1718_1#1$1
level_main_15-15_end.json,15-17,“她”,main_15,61,你所说的两个人，我的确在源石内部见过他们。,avg_npc_1718_1#1$1
level_main_15-15_end.json,15-17,“她”,main_15,62,他们的努力的确出人意料，是令人惊喜的挣扎。,avg_npc_1718_1#1$1
level_main_15-15_end.json,15-17,“她”,main_15,64,所以呢？你又如何确信，在这里杀了我不是徒劳之举？,avg_npc_1718_1#10$1
level_main_15-15_end.json,15-17,“她”,main_15,68,......,avg_npc_1718_1#2$1
level_main_15-15_end.json,15-17,“她”,main_15,69,......你怎么能做到？,avg_npc_1718_1#2$1
level_main_15-15_end.json,15-17,“她”,main_15,75,......？,avg_npc_1718_1#3$1
level_main_15-15_end.json,15-17,“她”,main_15,79,你为了反抗我，竟然会做到这一步——,avg_npc_1718_1#7$1
level_main_15-15_end.json,15-17,“她”,main_15,122,......！,avg_npc_1718_1#7$1
level_main_15-15_end.json,15-17,“她”,main_15,257,有力的反抗，AMa-10，你的计划奏效了。,avg_npc_1718_1#1$1
level_main_15-15_end.json,15-17,“她”,main_15,258,诚如你所说，现在你们的确有杀死我的机会......,avg_npc_1718_1#1$1
level_main_15-15_end.json,15-17,“她”,main_15,260,可是，只是一个用源石塑造出的替身，就会让你如此慌张吗？,avg_npc_1718_1#10$1
level_main_15-15_end.json,15-17,“她”,main_15,264,AMa-10，我无意与你辩论你信奉的价值。,avg_npc_1718_1#10$1
level_main_15-15_end.json,15-17,“她”,main_15,265,你一直以来所坚持的事，它们太渺小，我甚至无法找到一种可信的逻辑架构来评价它们的意义。,avg_npc_1718_1#10$1
level_main_15-15_end.json,15-17,“她”,main_15,266,可是实验中的确会出现这样的情况，一些细小的误差，最终造成了巨大的妨碍。我不得不接受这样的结果。,avg_npc_1718_1#10$1
level_main_15-15_end.json,15-17,“她”,main_15,267,我很遗憾，要将你当作这个误差来抹除。,avg_npc_1718_1#10$1
level_main_15-15_end.json,15-17,“她”,main_15,308,可惜。,avg_npc_1718_1#8$1
